{
  "groups": [
    { "id": 1, "name": "Group A", "teacher_id": 101 },
    { "id": 2, "name": "Group B", "teacher_id": 102 },
    { "id": 3, "name": "Group C", "teacher_id": 103 },
    { "id": 4, "name": "Group D", "teacher_id": 104 },
    { "id": 5, "name": "Group E", "teacher_id": 105 },
    { "id": 6, "name": "Group F", "teacher_id": 106 },
    { "id": 7, "name": "Group G", "teacher_id": 107 },
    { "id": 8, "name": "Group H", "teacher_id": 108 },
    { "id": 9, "name": "Group I", "teacher_id": 109 },
    { "id": 10, "name": "Group J", "teacher_id": 110 }
  ],
  
    "teachers": [
      { "group_id": 1, "date": "2025-02-13", "session": "S1", "name": "Mr. Smith" },
      { "group_id": 1, "date": "2025-02-12", "session": "S2", "name": "Ms. Johnson" },
      { "group_id": 1, "date": "2025-02-13", "session": "S1", "name": "Mr. Adams" },
      { "group_id": 2, "date": "2025-02-14", "session": "S1", "name": "Mr. Smith" },
      { "group_id": 2, "date": "2025-02-13", "session": "S2", "name": "Ms. Johnson" },
      { "group_id": 2, "date": "2025-02-12", "session": "S1", "name": "Mr. Adams" },
      { "group_id": 3, "date": "2025-02-12", "session": "S1", "name": "Mr. Smith" },
      { "group_id": 3, "date": "2025-02-12", "session": "S2", "name": "Ms. Johnson" },
      { "group_id": 3, "date": "2025-02-13", "session": "S1", "name": "Mr. Adams" }

    ],
  
  
  "stagiaires": [
    { "id": 201, "name": "Alice Johnson", "group_id": 1 },
    { "id": 202, "name": "Bob Smith", "group_id": 1 },
    { "id": 203, "name": "Charlie Brown", "group_id": 2 },
    { "id": 204, "name": "David Wilson", "group_id": 2 },
    { "id": 205, "name": "Evelyn Clark", "group_id": 3 },
    { "id": 206, "name": "Frank Moore", "group_id": 3 },
    { "id": 207, "name": "Grace Taylor", "group_id": 4 },
    { "id": 208, "name": "Hannah Martin", "group_id": 4 },
    { "id": 209, "name": "Ian Thompson", "group_id": 5 },
    { "id": 210, "name": "Julia White", "group_id": 5 },
    { "id": 211, "name": "Kevin Harris", "group_id": 6 },
    { "id": 212, "name": "Laura Lewis", "group_id": 6 },
    { "id": 213, "name": "Michael Walker", "group_id": 7 },
    { "id": 214, "name": "Nina Hall", "group_id": 7 },
    { "id": 215, "name": "Oliver Allen", "group_id": 8 },
    { "id": 216, "name": "Paula Young", "group_id": 8 },
    { "id": 217, "name": "Quentin King", "group_id": 9 },
    { "id": 218, "name": "Rachel Scott", "group_id": 9 },
    { "id": 219, "name": "Steven Adams", "group_id": 10 },
    { "id": 220, "name": "Tina Baker", "group_id": 10 },
    { "id": 301, "name": "Liam Brown", "group_id": 1 },
    { "id": 302, "name": "Mason White", "group_id": 1 },
    { "id": 303, "name": "Olivia Green", "group_id": 2 },
    { "id": 304, "name": "Sophia Black", "group_id": 2 },
    { "id": 305, "name": "James Clark", "group_id": 3 },
    { "id": 306, "name": "Isabella Moore", "group_id": 3 },
    { "id": 307, "name": "Ethan Wilson", "group_id": 4 },
    { "id": 308, "name": "Avery Johnson", "group_id": 4 },
    { "id": 309, "name": "Charlotte Lewis", "group_id": 5 },
    { "id": 310, "name": "Benjamin Harris", "group_id": 5 },
    { "id": 311, "name": "Amelia Scott", "group_id": 6 },
    { "id": 312, "name": "Lucas Martinez", "group_id": 6 },
    { "id": 313, "name": "Harper Hall", "group_id": 7 },
    { "id": 314, "name": "Henry Adams", "group_id": 7 },
    { "id": 315, "name": "Archer Walker", "group_id": 8 },
    { "id": 316, "name": "Ella Young", "group_id": 8 }
  ],
  "seances": [
    {
      "id": 1,
      "date": "2025-02-12",
      "group_id": 1,
      "teacher_id": 101,
      "sessions": ["S1", "S2", "S3", "S4"]
    },
    {
      "id": 2,
      "date": "2025-02-12",
      "group_id": 2,
      "teacher_id": 102,
      "sessions": ["S1", "S2", "S3", "S4"]
    },
    {
      "id": 3,
      "date": "2025-02-12",
      "group_id": 3,
      "teacher_id": 103,
      "sessions": ["S1", "S2", "S3", "S4"]
    },
    {
      "id": 4,
      "date": "2025-02-12",
      "group_id": 4,
      "teacher_id": 104,
      "sessions": ["S1", "S2", "S3", "S4"]
    },
    {
      "id": 5,
      "date": "2025-02-12",
      "group_id": 5,
      "teacher_id": 105,
      "sessions": ["S1", "S2", "S3", "S4"]
    },
    {
      "id": 6,
      "date": "2025-02-13",
      "group_id": 1,
      "teacher_id": 101,
      "sessions": ["S1", "S2", "S3", "S4"]
    },
    {
      "id": 7,
      "date": "2025-02-13",
      "group_id": 2,
      "teacher_id": 102,
      "sessions": ["S1", "S2", "S3", "S4"]
    },
    {
      "id": 8,
      "date": "2025-02-13",
      "group_id": 3,
      "teacher_id": 103,
      "sessions": ["S1", "S2", "S3", "S4"]
    }
  ],
  
    "absences": [
      {
        "stagiaire_id": 201,
        "date": "2025-02-12",
        "sessions": { "S1": false, "S2": true, "S3": "", "S4": "" },
        "isAbsent": true
      },
      {
        "stagiaire_id": 202,
        "date": "2025-02-12",
        "sessions": { "S1": true, "S2": false, "S3": "", "S4": "" },
        "isAbsent": true
      },
      {
        "stagiaire_id": 203,
        "date": "2025-02-12",
        "sessions": { "S1": "", "S2": "", "S3": false, "S4": true },
        "isAbsent": true
      },
      {
        "stagiaire_id": 204,
        "date": "2025-02-12",
        "sessions": { "S1": "", "S2": true, "S3": "", "S4": false },
        "isAbsent": true
      },
      {
        "stagiaire_id": 205,
        "date": "2025-02-12",
        "sessions": { "S1": false, "S2": "", "S3": "", "S4": true },
        "isAbsent": true
      },
      {
        "stagiaire_id": 206,
        "date": "2025-02-12",
        "sessions": { "S1": "", "S2": false, "S3": true, "S4": "" },
        "isAbsent": true
      },
      {
        "stagiaire_id": 207,
        "date": "2025-02-12",
        "sessions": { "S1": "", "S2": "", "S3": false, "S4": true },
        "isAbsent": true
      },
      {
        "stagiaire_id": 208,
        "date": "2025-02-12",
        "sessions": { "S1": true, "S2": "", "S3": "", "S4": false },
        "isAbsent": true
      },
      {
        "stagiaire_id": 209,
        "date": "2025-02-12",
        "sessions": { "S1": false, "S2": true, "S3": "", "S4": "" },
        "isAbsent": true
      },
      {
        "stagiaire_id": 210,
        "date": "2025-02-12",
        "sessions": { "S1": "", "S2": "", "S3": false, "S4": true },
        "isAbsent": true
      },
      {
        "stagiaire_id": 301,
        "date": "2025-02-15",
        "sessions": { "S1": true, "S2": true, "S3": "", "S4": "" },
        "isAbsent": false
      },
      {
        "stagiaire_id": 302,
        "date": "2025-02-15",
        "sessions": { "S1": true, "S2": true, "S3": "", "S4": "" },
        "isAbsent": false
      },
      {
        "stagiaire_id": 303,
        "date": "2025-02-15",
        "sessions": { "S1": "", "S2": "", "S3": false, "S4": true },
        "isAbsent": true
      },
      {
        "stagiaire_id": 304,
        "date": "2025-02-15",
        "sessions": { "S1": "", "S2": true, "S3": "", "S4": false },
        "isAbsent": true
      },
      {
        "stagiaire_id": 305,
        "date": "2025-02-16",
        "sessions": { "S1": false, "S2": "", "S3": "", "S4": true },
        "isAbsent": true
      },
      {
        "stagiaire_id": 306,
        "date": "2025-02-16",
        "sessions": { "S1": "", "S2": false, "S3": true, "S4": "" },
        "isAbsent": true
      },
      {
        "stagiaire_id": 307,
        "date": "2025-02-16",
        "sessions": { "S1": "", "S2": "", "S3": false, "S4": true },
        "isAbsent": true
      },
      {
        "stagiaire_id": 308,
        "date": "2025-02-16",
        "sessions": { "S1": true, "S2": "", "S3": "", "S4": false },
        "isAbsent": true
      },
      {
        "stagiaire_id": 309,
        "date": "2025-02-17",
        "sessions": { "S1": false, "S2": true, "S3": "", "S4": "" },
        "isAbsent": true
      },
      {
        "stagiaire_id": 310,
        "date": "2025-02-17",
        "sessions": { "S1": "", "S2": "", "S3": false, "S4": true },
        "isAbsent": true
      }
    ]
}
